name,phone,address,country
Hermanos Pedrero S.Coop.,+34 932 71 18 91,Pasaje Jimena Peñalver 12,El Salvador
Hermanos Gascón S.Coop.,+34 843496339,C. Carlito Ureña 5,Antigua y Barbuda
Escolano y Llamas S.A.U,+34942684205,Pasaje Calista Alemany 40 Apt. 77 ,Trinidad y Tabago
Agustín Rincón Olmedo S.L.N.E,+34923 587 309,Urbanización Águeda Boix 7 Apt. 24 ,Tuvalu
Cepeda y Abril S.L.,+34 701 022 796,Pasadizo Héctor Collado 21 Apt. 40 ,Sudán del Sur
Hotel del Mediterráneo S.Coop.,+34 875 104 460,Acceso Tomás Tormo 25,Lituania
Fábrica Alcántara & Asociados S.L.N.E,+34 609 73 89 61,Urbanización de Candelario Tudela 76 Piso 5 ,Belice
Distribuciones HD S.A.,+34926 081 395,Rambla Hermenegildo Escobar 83,Angola
Vilaplana & Asociados S.Coop.,+34 975 83 70 39,Cañada Julián Pera 3,Madagascar
Comercializadora Ibérica S.A.,+34880670261,Cañada de Elba Santos 93 Apt. 63 ,Israel
Fábrica Españolas S.Coop.,+34876 66 66 02,C. de Edelmira Marin 80 Piso 7 ,Bélgica
Manufacturas Sierra S.A.,+34972 37 32 93,Alameda de Ana Belén Ramón 46,Bhután
Hermanos Barrios S.Com.,+34823 29 62 21,Acceso de Francisca Jordán 40,Líbano
Banco España S.Com.,+34 931 67 33 28,Avenida de Nereida Vilaplana 8 Apt. 70 ,Zambia
Servicios Millán S.A.,+34 711 291 478,Acceso Jovita Oliver 485 Puerta 7 ,Somalia
Familia Ramírez S.A.,+34883409677,Pasadizo de Olivia Marquez 184,Cuba
Industrias Lasa & Asociados S.Com.,+34 718014589,Camino Rosario Sáenz 5 Puerta 1 ,Gabón
Gámez y asociados S.L.,+34 928233885,Vial de Andrés Royo 4,Guinea Ecuatorial
Supermercados TRAY S.L.N.E,+34 976 05 63 54,Cañada de Elisabet Ballester 71,Barbados
Instalaciones del Noroeste S.Coop.,+34 875 45 76 87,Urbanización de Isabela Aznar 92,Mongolia
Consultoría Iberia S.L.U.,+34921669726,Glorieta de Trinidad Vilaplana 591 Piso 0 ,Serbia
Hotel Avanzadas S.Com.,+34984 09 12 76,Via de Zoraida Pulido 28 Piso 7 ,Brasil
Construcción ZNSX S.L.N.E,+34 820 338 548,Avenida Etelvina Dalmau 60,Cabo Verde
Instalaciones Benavent S.L.N.E,+34806 125 336,Paseo Montserrat Pons 6 Piso 9 ,Estados Unidos de América
Juan Francisco Chaparro Gonzalo S.L.,+34928 87 17 82,Avenida Maxi Talavera 94 Piso 1 ,Sierra Leona
Fábrica UL S.A.T.,+34977 70 05 96,Urbanización Isaías Rios 79 Piso 1 ,San Marino
Pellicer y Donoso S.Com.,+34881 68 79 35,Pasaje de Olegario Iborra 84,República Popular Democrática de Corea
Inversiones Linares y asociados S.A.,+34 924 520 829,Paseo Noé Martínez 54,Sierra Leona
Valls y Calleja S.L.,+34913655752,Cuesta de Renata Guitart 3 Apt. 68 ,Finlandia
Alimentación Valbuena S.Com.,+34 959395664,Acceso de Emperatriz Figueras 61,Bosnia y Herzegovina
Hermanos Tur S.L.N.E,+34 883 91 94 98,Rambla Maura Jordá 14 Piso 4 ,Djibouti
Marciano Gutierrez Plana S.Com.,+34949 28 62 01,Glorieta de Natalio Frías 83,Cuba
Mayte Valencia Guitart S.Com.,+34 985 09 30 04,Alameda Juanito Peláez 5 Puerta 6 ,Kirguistán
Suministros Internacionales S.Com.,+34876216898,Vial de Adelia Ripoll 4,Gambia
Polo y Sobrino S.A.,+34988 46 87 33,Vial de Abraham Niño 95,Camerún
Gilabert y asociados S.Coop.,+34872522655,Callejón de Adelaida Sánchez 8 Apt. 89 ,Andorra
Alimentación Carbó S.Coop.,+34 845 88 66 29,C. Pancho Sanmartín 391,Seychelles
Fábrica Giralt & Asociados S.L.,+34 803 609 251,Camino de Jimena Guerra 310 Piso 4 ,República Federal Democrática de Nepal
Lorenzo y Urrutia S.Com.,+34 884685640,Avenida Benito Campillo 904,Armenia
Céspedes y asociados S.Com.,+34949 926 368,Pasadizo Josep Galan 93 Apt. 17 ,Venezuela
Soluciones NZ S.A.,+34819 651 316,Plaza de Melchor Blazquez 96 Piso 2 ,Côte d'Ivoire
Hermanos Pellicer S.A.,+34955 569 143,Pasadizo Ulises Hoyos 34,República Democrática Popular Lao
Compañía del Mediterráneo S.A.,+34 828721116,Cañada Teresa Hernández 9 Puerta 5 ,Hungría
Moles y Conde S.Coop.,+34 806033908,Avenida Paula Gabaldón 99 Puerta 5 ,Samoa
Talleres Inteligentes S.L.,+34924 679 845,C. Román Ferrándiz 409 Apt. 80 ,Bélgica
Natalia Nicolau Gallo S.C.P,+34 949 382 440,Glorieta José Higueras 789,Marruecos
Minería Manuel S.Coop.,+34 902 50 47 82,Acceso de Rosendo Cózar 8 Apt. 85 ,República Centroafricana
Coello y Carlos S.L.L.,+34849854713,Ronda de Pío Vallejo 50,Letonia
Distribuciones Tenorio y asociados S.Coop.,+34 930 97 02 56,C. de José Luis Girón 1,Comoras
Alimentación Ibéricos S.L.N.E,+34 943 861 044,C. Damián Izquierdo 64,Bahamas
Heraclio Mendez Casas S.Com.,+34 976540568,Plaza Jesusa Vila 1,Luxemburgo
Hotel Casas y asociados S.Com.,+34 982715765,Cañada Armida Velázquez 226 Piso 3 ,Tonga
Delia Navarro Pereira S.Com.,+34981 240 635,Avenida Vera Téllez 7,Mozambique
Hnos Lerma S.L.,+34 986 916 478,Alameda Alberto Villegas 776 Apt. 58 ,Egipto
Alimentación del Noroeste S.Com.,+34 871817011,Rambla Celso Saura 787,Colombia
Coral Valverde Milla S.L.L.,+34 973 75 73 08,Vial Itziar Piñeiro 312,Belice
Bosch y Menendez S.A.,+34878916435,Glorieta de Abraham Lastra 31 Piso 1 ,Bélgica
Cleto Rivero Iglesias S.L.,+34 916 08 48 35,Pasaje Fabiola Ledesma 97 Piso 9 ,República Popular Democrática de Corea
Industrias Ibéricos S.Com.,+34945 169 219,Rambla Plinio Llano 377,República Dominicana
Fábrica Torrent y asociados S.L.,+34912 02 42 57,Pasadizo Octavio Cuesta 155 Puerta 1 ,Togo
Abraham Iriarte Ortega S.L.,+34 842 096 689,Vial Pepe Barrena 88,Kazajstán
Lerma & Asociados S.Coop.,+34 878 586 883,Vial Máxima Lloret 86 Puerta 1 ,Liberia
Bermudez y Marcos S.A.,+34 920798678,Plaza Trini Trujillo 11,Islandia
Finanzas Ferrández & Asociados S.A.T.,+34981 436 651,Glorieta de Ruperto Giralt 19,Micronesia
Supermercados Garriga y asociados S.C.P,+34844 46 49 25,Pasadizo Brígida Alcántara 10 Piso 4 ,Benin
Peinado y Serna S.L.N.E,+34933935506,Callejón de Paola Daza 97 Apt. 78 ,Eritrea
Grupo Muñoz S.A.,+34 827 315 155,Alameda Joaquina Cano 76 Puerta 5 ,Bosnia y Herzegovina
Compañía GLNG S.L.,+34 971 93 01 76,C. de Edelmiro Belda 70 Apt. 77 ,Guinea Bissau
Logística MP S.A.,+34 842578437,Camino de Gil Díaz 215,China
Banca Privada Exposito y asociados S.L.N.E,+34942 135 792,Paseo Petrona Lamas 44,Argelia
Industrias XU S.Coop.,+34923805056,Ronda Celso Boada 78 Puerta 2 ,Letonia
Servicios Pallarès S.Com.,+34845 41 70 95,C. de Débora Aguilera 32,Islas Salomón
María Jesús Galván Coloma S.L.L.,+34 948064024,Plaza Rosalina Gelabert 93,Bolivia
Hernández y Torralba S.A.,+34821 805 763,Pasadizo de Blanca Oliva 874 Apt. 43 ,Mongolia
Construcción SJM S.A.,+34948 12 01 71,Glorieta Verónica Salmerón 298,República de Moldova
Amada Jover Azorin S.A.U,+34 973 560 675,Cuesta Julián Sanmiguel 30,Irán
Finanzas Ibérica S.L.,+34902 40 54 03,C. de Estefanía Márquez 50,Gabón
Campoy y Infante S.Coop.,+34 710 92 64 66,Acceso Eliseo Pereira 72 Puerta 2 ,Zambia
Hnos Pastor S.A.,+34 976 842 023,Pasaje de Anna Ramos 29,Argentina
Familia Chaparro S.L.N.E,+34 712919242,Acceso de Manolo Saura 48,Chile
Font y Velázquez S.Com.,+34 979 82 58 51,Glorieta de Abril Muñoz 7,Argentina
Desarrollo Cañizares S.A.,+34925 87 35 37,Glorieta Vera Lopez 19,Qatar
Grupo Palma S.Coop.,+34741 756 285,Avenida de Danilo Gabaldón 46 Apt. 50 ,Sudáfrica
Minería del Mediterráneo S.C.P,+34826 22 26 18,Vial Hugo Moreno 4 Apt. 83 ,Omán
Guitart y Pozo S.Com.,+34800 96 64 18,C. Estela Macias 57 Apt. 16 ,Libia
Hnos Agustín S.Coop.,+34 878 58 82 35,Ronda de Seve Alberola 7 Piso 1 ,República Popular Democrática de Corea
Tatiana Estrada Valenciano S.A.,+34 972 44 29 79,Avenida Nereida Mora 64,Senegal
Familia Morera S.L.,+34820 80 75 62,Cañada de Sergio Conesa 676 Piso 7 ,Egipto
Rufino Torrens Bustos S.L.,+34 826763426,Plaza Fito Peinado 7,Malta
Sastre y Villanueva S.L.,+34 806 14 12 16,Acceso Lupe Miguel 37,San Vicente y las Granadinas
Cerro & Asociados S.Coop.,+34 976 85 16 71,Ronda de Onofre Quirós 626 Puerta 3 ,Azerbaiyán
Inmobiliaria HP S.A.,+34 947720519,C. de Teodora Goicoechea 46 Piso 6 ,Côte d'Ivoire
Minería MOFT S.C.P,+34871 34 99 43,Callejón Tamara Llorente 333 Piso 6 ,Omán
Inversiones Verdejo & Asociados S.L.N.E,+34888 12 64 74,Ronda de Cristian Cuervo 82,Indonesia
Pacheco y asociados S.A.,+34981 14 20 06,Ronda Águeda Elías 643 Apt. 36 ,Irlanda
Construcción VS S.Coop.,+34 935003868,Rambla Melisa Bas 92,Costa Rica
Orozco y Agullo S.Com.,+34 881 631 134,Calle de Goyo Jover 26 Puerta 4 ,Argentina
Amador y asociados S.C.P,+34944 088 639,Rambla de Saturnina Tomas 4,Granada
Restauración Infante y asociados S.A.,+34876901216,Plaza Donato Rivero 94 Apt. 54 ,Tayikistán
Marín y asociados S.Coop.,+34 924 431 753,Cuesta de Caridad Gutierrez 88,Singapur
