name,mail,role
Samuel del Bayón,berrocalbeatriz@example.net,Parquetero y colocador de suelos
Tristán Villalobos Portero,abascalbenita@example.net,Planchador manuales
Rodrigo Reinaldo Llorente Solsona,vricart@example.org,Profesional de nivel medio de servicios estadísticos o matemáticos
Modesta Odalys Vaquero Becerra,rafa29@example.net,Empleado de servicios de apoyo a la producción
Bibiana Cristina Llabrés Prat,gaspar25@example.net,"Panaderos, pasteleros y confiteros"
Amelia Noriega-Andres,xdiaz@example.net,Cantante
Amador Sedano,gborrell@example.net,Empalmador de cables
Timoteo Escolano Mateos,serraefrain@example.com,Diseñador de bases de datos
Cirino Saavedra Tur,corominasvirgilio@example.com,Fotógrafo
Juan Pablo Ferrán Lladó,vartigas@example.org,Profesional de ventas de tecnología de la información y las comunicaciones
Chucho Flores Verdugo,cantonhernando@example.net,Compositor
Adelaida Garzón-Nogués,norbertoayllon@example.org,Peón de explotaciones agrícolas
Jose Manjón Arnal,fpons@example.com,Maquinista de locomotoras
Jacinta Xiomara Sotelo Benavent,maria-jesus18@example.com,Telefonista
Aitor Carnero,jordanasainz@example.com,Analista de sistemas
Isaura Perez Oliva,enriquezfelicia@example.org,Operador de máquinas para fabricar productos de papel
Guillermo Heras Fuster,baldomero78@example.com,Antropólogo
Edelmiro Bayona Pulido,rrosado@example.org,Peón de explotaciones agrícolas
Armida Samper,azahara94@example.net,Barrendero
Teófilo Casado-Samper,ycamacho@example.net,"Empleado de servicios estadísticos, financieros y de seguros"
Gertrudis Ávila Morales,umendez@example.net,Gerente de hoteles o restaurantes
Ricarda Rius Fernández,gilberto53@example.org,Compositor
Fernando Vendrell,jose-maria80@example.org,Ggeofísico
Modesta Cañas Alfonso,galanpatricio@example.net,Entrevistador de encuestas
Isidora Esteve Gallart,hdiez@example.com,Mecánico y reparador de motores de avión
Azahara Contreras Carrión,ligiacaro@example.org,Cortador de vidrio
Rafaela Valle Sandoval,pontjesus@example.com,Mecánico y reparador de motores de avión
Ciriaco Guitart Recio,martiriodiego@example.org,Laminador de vidrio
Toño Gimeno Escobar,brunilda35@example.com,Operador de instalaciones para la preparación de pasta para papel y papel
Andrés Felipe Font,herminioiriarte@example.com,"Operario de la conservación de frutas, legumbres y verduras"
Aitor Borrego Seco,alonsomodesto@example.net,Impresor
Juan José Andrade Aragonés,maciasagustina@example.net,Practicante paramédico
Nieves Carbonell Lladó,pozaluis-angel@example.org,Director de servicios de educación
Virginia Múgica-Nuñez,wpeinado@example.com,Operador de máquinas para fabricar cemento y otros productos minerales
Omar Pujol,aurorasanmartin@example.org,Planchador manuales
Encarnita Garzón Iñiguez,lpozuelo@example.net,Policías
María Belén Ayala Ruiz,desiderio72@example.net,Técnico agropecuario
Salud Fajardo Seguí,bauzacelso@example.com,Analista de gestión y organización
Noé Carbó,francisco05@example.org,Carpintero
Carla Morell Carreño,srojas@example.net,Profesional de la protección medioambiental
Leonardo Checa,jose-ignacioperea@example.org,Secretario ejecutivo
Palmira Costa-Estévez,viviana21@example.org,Jefe de pequeñas poblaciones
Martina Pinilla Muro,jacintogonzalez@example.net,Operador de máquinas para fabricar productos de papel
Amando Valderrama Torrents,arsenio87@example.com,Director de explotaciones de minería
Alberto Lloret Arranz,ariadna69@example.com,Trabajador forestal calificado
Jose Luis Espinosa-Rey,rosalvaborrego@example.org,Dinamitero
Rosalina Jenny Pinto Cueto,rgilabert@example.org,Operador de instalaciones de vidriería y cerámica
Sabas Luís Pera,valeria43@example.org,Ayudante de cocina
Evita Llanos Somoza,rafael64@example.com,Operador de máquinas para fabricar productos de caucho
Marita Sastre Ros,clarisatejera@example.net,Secretario jurídicos
Leopoldo del Alvarez,xprieto@example.com,Carnicero
Concepción Valenciano Frutos,avilavenceslas@example.org,Modelador de vidrio
Pedro Ocaña Cornejo,jose-manuelcortes@example.org,Recolector de dinero en aparatos de venta automática y lector de medidores
Loreto de Pizarro,pacomontenegro@example.net,Conductor de taxis
Charo Chico-Cortina,narcisaripoll@example.net,Locutor de televisión
Encarnita Tomasa Santamaria Díez,xiomara34@example.net,Inspector de policía
Ani Gonzalez Seco,augustodonoso@example.net,Joyero
Pepita de Valle,linareseugenio@example.net,Biólogo
Lupe Torralba Lamas,baronicolasa@example.net,Soplador de vidrio
Abigaíl Carlos Barrena,elodia86@example.com,Revocador
Nidia Lucas Alemany,lucianacabezas@example.net,Meteorólogo
Florencio Olivé Colom,renata27@example.org,Diseñador gráfico
Raquel Hoyos Martín,paz30@example.com,Empleado de agencia de viajes
Gervasio Aníbal Flor Carnero,pereaadoracion@example.com,Conductor de autobús
Carlito Carrera-Viñas,moises23@example.org,Estadístico
Leonor Badía Gracia,esteban28@example.org,Operario de la elaboración de productos lácteos
Estela Encarnacion Soria Cañellas,pedro18@example.org,"Operador de máquinas pulidoras, galvanizadoras y recubridoras de metales "
Amador del Abad,rverdu@example.org,Traductor e intérprete
Galo Redondo Cabanillas,roquecastejon@example.org,Vendedor de quioscos y de puestos de mercado
María Menendez Rebollo,demetrio57@example.com,Operador de instalaciones de procesamiento de metales
Eduardo Casas-Nuñez,wteruel@example.org,Profesional de la salud y la higiene laboral y ambiental
Pili Sanmiguel Hernandez,dalfonso@example.org,Operador de máquinas para la fabricación de calzado
María Pilar Abad,timoteopenalver@example.com,Clasificador de productos
Elena Salcedo Alcaraz,nuriabarcena@example.net,Historiador
Priscila Benavente Valverde,fabiana58@example.net,Practicante y asistente médico
Alexandra Ramis Varela,tcamara@example.org,Conductor de automóviles
Teodora Tania Barrio Sevilla,delia41@example.org,Tronzador
Salomé Torrecilla Navarro,marinofeliu@example.com,Profesional de medicina
Claudio de Uribe,morena25@example.net,Desarrollador de software
Timoteo Carrera Lladó,ymanrique@example.net,Joyero
Luis Gabriel Ángel Goñi,davidbeltran@example.net,Paisajista
Prudencia de Adán,epuig@example.net,Técnico en electrónica
Flor Cerdán Viña,apolonia59@example.org,Botánico
Gabriela del Clemente,curro79@example.org,"Modelo de moda, arte y publicidad"
María del Almansa,caballeroflorencio@example.com,Entrevistador de investigaciones de mercados
Tomasa Ruth Solís Infante,valbuenafelix@example.com,Guardafrenos
María José Marqués Pont,bernabe00@example.com,Secretario ejecutivo
Chucho Molina Vila,lreig@example.org,Colchonero
Bernardita Obdulia Montserrat Cañas,gguijarro@example.org,Médico general
Pelayo del Francisco,marisol02@example.net,Director de cine
Renato Batlle Oliver,cortesbuenaventura@example.com,Mecánico y reparador de máquinas agrícolas e industriales
Magdalena Batlle Pintor,kikenaranjo@example.com,Empleado de control de abastecimientos e inventario
Tecla Alfaro Orozco,monicariquelme@example.net,Juez
Nayara Madrigal Chaparro,mireia55@example.com,Mandader
Gracia Manzano Ribas,mosqueraviviana@example.net,Oficial de las fuerzas armadas
Iván Quintanilla Cabrero,tcampos@example.org,Instructor en tecnologías de la información
Damián Bayo Pereira,mirandavicente@example.org,Médico general
Ofelia de Montserrat,joan97@example.net,Asesor financiero y en inversiones
Jose Luis Quirós Múgica,ollerjovita@example.net,Lavandero
María Manuela Esparza Gómez,victor-manuel96@example.com,Profesional de la salud y la higiene laboral y ambiental
